visit_id,cookie_id,page_id,event_type,sequence_number,event_time
ccf365,c4ca42,1,1,1,"2020-02-04 19:16:09"
ccf365,c4ca42,2,1,2,"2020-02-04 19:16:17"
ccf365,c4ca42,6,1,3,"2020-02-04 19:16:58"
ccf365,c4ca42,9,1,4,"2020-02-04 19:16:59"
ccf365,c4ca42,9,2,5,"2020-02-04 19:17:52"
ccf365,c4ca42,10,1,6,"2020-02-04 19:18:12"
ccf365,c4ca42,10,2,7,"2020-02-04 19:19:11"
ccf365,c4ca42,11,1,8,"2020-02-04 19:19:47"
ccf365,c4ca42,11,2,9,"2020-02-04 19:20:45"
ccf365,c4ca42,12,1,10,"2020-02-04 19:20:52"
ccf365,c4ca42,13,3,11,"2020-02-04 19:21:26"
d58cbd,c81e72,1,1,1,"2020-01-18 23:40:55"
d58cbd,c81e72,2,1,2,"2020-01-18 23:41:06"
d58cbd,c81e72,4,1,3,"2020-01-18 23:42:02"
d58cbd,c81e72,4,2,4,"2020-01-18 23:42:02"
d58cbd,c81e72,5,1,5,"2020-01-18 23:42:45"
d58cbd,c81e72,5,2,6,"2020-01-18 23:43:11"
d58cbd,c81e72,7,1,7,"2020-01-18 23:43:26"
d58cbd,c81e72,8,1,8,"2020-01-18 23:43:41"
d58cbd,c81e72,8,2,9,"2020-01-18 23:44:14"
d58cbd,c81e72,10,1,10,"2020-01-18 23:44:22"
d58cbd,c81e72,10,2,11,"2020-01-18 23:45:00"
d58cbd,c81e72,12,1,12,"2020-01-18 23:45:38"
9a2f24,eccbc8,1,1,1,"2020-02-21 03:19:10"
9a2f24,eccbc8,4,1,2,"2020-02-21 03:19:25"
9a2f24,eccbc8,4,2,3,"2020-02-21 03:19:48"
9a2f24,eccbc8,7,1,4,"2020-02-21 03:20:13"
9a2f24,eccbc8,7,2,5,"2020-02-21 03:20:14"
9a2f24,eccbc8,10,1,6,"2020-02-21 03:20:46"
9a2f24,eccbc8,11,1,7,"2020-02-21 03:21:20"
9a2f24,eccbc8,12,1,8,"2020-02-21 03:21:43"
9a2f24,eccbc8,13,3,9,"2020-02-21 03:22:23"
7caba5,a87ff6,1,1,1,"2020-02-22 17:49:38"
7caba5,a87ff6,4,1,2,"2020-02-22 17:50:24"
7caba5,a87ff6,5,1,3,"2020-02-22 17:50:27"
7caba5,a87ff6,5,2,4,"2020-02-22 17:51:18"
7caba5,a87ff6,8,1,5,"2020-02-22 17:51:53"
7caba5,a87ff6,9,1,6,"2020-02-22 17:52:22"
7caba5,a87ff6,9,2,7,"2020-02-22 17:52:56"
f61ed7,e4da3b,1,1,1,"2020-02-01 06:30:40"
f61ed7,e4da3b,2,1,2,"2020-02-01 06:30:51"
f61ed7,e4da3b,4,1,3,"2020-02-01 06:31:07"
f61ed7,e4da3b,8,1,4,"2020-02-01 06:31:30"
f61ed7,e4da3b,9,1,5,"2020-02-01 06:31:45"
f61ed7,e4da3b,9,2,6,"2020-02-01 06:32:39"
f61ed7,e4da3b,10,1,7,"2020-02-01 06:33:33"
f61ed7,e4da3b,10,2,8,"2020-02-01 06:33:41"
f61ed7,e4da3b,11,1,9,"2020-02-01 06:34:27"
f61ed7,e4da3b,12,1,10,"2020-02-01 06:34:49"
f61ed7,e4da3b,13,3,11,"2020-02-01 06:35:38"
e0ce49,167909,1,1,1,"2020-01-25 22:43:21"
e0ce49,167909,2,1,2,"2020-01-25 22:44:13"
e0ce49,167909,5,1,3,"2020-01-25 22:44:36"
e0ce49,167909,5,2,4,"2020-01-25 22:45:14"
e0ce49,167909,6,1,5,"2020-01-25 22:46:07"
e0ce49,167909,8,1,6,"2020-01-25 22:46:57"
e0ce49,167909,9,1,7,"2020-01-25 22:47:07"
e0ce49,167909,9,2,8,"2020-01-25 22:47:26"
e0ce49,167909,10,1,9,"2020-01-25 22:47:49"
e0ce49,167909,11,1,10,"2020-01-25 22:48:14"
e0ce49,167909,11,2,11,"2020-01-25 22:48:43"
e0ce49,167909,12,1,12,"2020-01-25 22:49:14"
e0ce49,167909,13,3,13,"2020-01-25 22:49:37"
8479c1,8f14e4,1,1,1,"2020-02-09 17:27:59"
8479c1,8f14e4,2,1,2,"2020-02-09 17:28:19"
8479c1,8f14e4,9,1,3,"2020-02-09 17:29:04"
8479c1,8f14e4,11,1,4,"2020-02-09 17:29:54"
8479c1,8f14e4,11,2,5,"2020-02-09 17:30:37"
8479c1,8f14e4,12,1,6,"2020-02-09 17:31:24"
8479c1,8f14e4,13,3,7,"2020-02-09 17:31:44"
a6c424,c9f0f8,1,1,1,"2020-02-12 11:23:55"
a6c424,c9f0f8,2,1,2,"2020-02-12 11:24:32"
a6c424,c9f0f8,5,1,3,"2020-02-12 11:25:03"
a6c424,c9f0f8,5,2,4,"2020-02-12 11:25:46"
a6c424,c9f0f8,7,1,5,"2020-02-12 11:26:35"
a6c424,c9f0f8,9,1,6,"2020-02-12 11:27:15"
a6c424,c9f0f8,10,1,7,"2020-02-12 11:28:06"
a6c424,c9f0f8,11,1,8,"2020-02-12 11:28:25"
a6c424,c9f0f8,11,2,9,"2020-02-12 11:29:19"
5ef346,45c48c,1,1,1,"2020-02-07 17:32:45"
5ef346,45c48c,2,1,2,"2020-02-07 17:33:12"
5ef346,45c48c,3,1,3,"2020-02-07 17:33:43"
5ef346,45c48c,4,1,4,"2020-02-07 17:33:45"
5ef346,45c48c,5,1,5,"2020-02-07 17:34:03"
5ef346,45c48c,6,1,6,"2020-02-07 17:34:23"
5ef346,45c48c,11,1,7,"2020-02-07 17:34:35"
d39d35,d3d944,1,1,1,"2020-01-23 21:47:04"
d39d35,d3d944,2,1,2,"2020-01-23 21:47:26"
d39d35,d3d944,3,1,3,"2020-01-23 21:47:33"
d39d35,d3d944,4,1,4,"2020-01-23 21:47:49"
d39d35,d3d944,4,2,5,"2020-01-23 21:48:06"
d39d35,d3d944,6,1,6,"2020-01-23 21:48:57"
d39d35,d3d944,6,2,7,"2020-01-23 21:49:00"
d39d35,d3d944,9,1,8,"2020-01-23 21:49:41"
d39d35,d3d944,9,2,9,"2020-01-23 21:50:39"
d39d35,d3d944,12,1,10,"2020-01-23 21:51:14"
d39d35,d3d944,13,3,11,"2020-01-23 21:51:22"
9c2633,6512bd,1,1,1,"2020-01-17 04:59:43"
9c2633,6512bd,2,1,2,"2020-01-17 05:00:12"
9c2633,6512bd,4,1,3,"2020-01-17 05:00:58"
9c2633,6512bd,4,2,4,"2020-01-17 05:01:06"
9c2633,6512bd,7,1,5,"2020-01-17 05:01:23"
9c2633,6512bd,8,1,6,"2020-01-17 05:02:20"
9c2633,6512bd,9,1,7,"2020-01-17 05:02:47"
9c2633,6512bd,9,2,8,"2020-01-17 05:03:15"
9c2633,6512bd,10,1,9,"2020-01-17 05:03:15"
9c2633,6512bd,11,1,10,"2020-01-17 05:03:41"
d69e73,c20ad4,1,1,1,"2020-02-06 09:09:06"
d69e73,c20ad4,4,1,2,"2020-02-06 09:10:01"
d69e73,c20ad4,5,1,3,"2020-02-06 09:11:00"
d69e73,c20ad4,9,1,4,"2020-02-06 09:11:27"
d69e73,c20ad4,9,2,5,"2020-02-06 09:11:48"
d69e73,c20ad4,12,1,6,"2020-02-06 09:12:15"
c70085,c51ce4,1,1,1,"2020-02-12 08:26:14"
c70085,c51ce4,2,1,2,"2020-02-12 08:26:23"
c70085,c51ce4,4,1,3,"2020-02-12 08:27:07"
c70085,c51ce4,5,1,4,"2020-02-12 08:27:31"
c70085,c51ce4,10,1,5,"2020-02-12 08:28:05"
c70085,c51ce4,10,2,6,"2020-02-12 08:28:52"
c70085,c51ce4,12,1,7,"2020-02-12 08:28:53"
6a20a3,aab323,1,1,1,"2020-01-12 02:49:32"
6a20a3,aab323,2,1,2,"2020-01-12 02:50:11"
6a20a3,aab323,3,1,3,"2020-01-12 02:51:02"
6a20a3,aab323,3,2,4,"2020-01-12 02:51:10"
6a20a3,aab323,5,1,5,"2020-01-12 02:51:14"
6a20a3,aab323,6,1,6,"2020-01-12 02:52:03"
6a20a3,aab323,10,1,7,"2020-01-12 02:52:17"
6a20a3,aab323,11,1,8,"2020-01-12 02:52:57"
6a20a3,aab323,12,1,9,"2020-01-12 02:53:00"
4b5d1b,9bf31c,1,1,1,"2020-01-28 04:56:41"
4b5d1b,9bf31c,2,1,2,"2020-01-28 04:57:16"
4b5d1b,9bf31c,3,1,3,"2020-01-28 04:57:24"
4b5d1b,9bf31c,3,2,4,"2020-01-28 04:57:30"
4b5d1b,9bf31c,9,1,5,"2020-01-28 04:58:05"
4b5d1b,9bf31c,9,2,6,"2020-01-28 04:58:54"
4b5d1b,9bf31c,11,1,7,"2020-01-28 04:59:11"
4b5d1b,9bf31c,12,1,8,"2020-01-28 05:00:03"
4b5d1b,9bf31c,13,3,9,"2020-01-28 05:00:58"
69440b,c74d97,1,1,1,"2020-01-06 21:45:51"
69440b,c74d97,2,1,2,"2020-01-06 21:46:36"
69440b,c74d97,11,1,3,"2020-01-06 21:46:42"
69440b,c74d97,11,2,4,"2020-01-06 21:47:11"
69440b,c74d97,12,1,5,"2020-01-06 21:47:52"
69440b,c74d97,13,3,6,"2020-01-06 21:48:35"
e70fd5,70efdf,1,1,1,"2020-02-17 10:05:51"
e70fd5,70efdf,2,1,2,"2020-02-17 10:06:37"
e70fd5,70efdf,4,1,3,"2020-02-17 10:06:54"
e70fd5,70efdf,4,2,4,"2020-02-17 10:07:51"
e70fd5,70efdf,6,1,5,"2020-02-17 10:08:07"
e70fd5,70efdf,6,2,6,"2020-02-17 10:09:05"
e70fd5,70efdf,9,1,7,"2020-02-17 10:09:51"
e70fd5,70efdf,11,1,8,"2020-02-17 10:10:26"
e70fd5,70efdf,12,1,9,"2020-02-17 10:11:17"
48810d,6f4922,1,1,1,"2020-02-29 15:26:41"
48810d,6f4922,2,1,2,"2020-02-29 15:27:15"
48810d,6f4922,8,1,3,"2020-02-29 15:27:53"
48810d,6f4922,9,1,4,"2020-02-29 15:28:28"
fdf383,1f0e3d,1,1,1,"2020-02-11 13:52:24"
fdf383,1f0e3d,2,1,2,"2020-02-11 13:53:24"
fdf383,1f0e3d,3,1,3,"2020-02-11 13:53:24"
fdf383,1f0e3d,3,2,4,"2020-02-11 13:54:01"
fdf383,1f0e3d,4,1,5,"2020-02-11 13:54:48"
fdf383,1f0e3d,5,1,6,"2020-02-11 13:55:01"
fdf383,1f0e3d,6,1,7,"2020-02-11 13:55:39"
fdf383,1f0e3d,12,1,8,"2020-02-11 13:56:06"
fdf383,1f0e3d,13,3,9,"2020-02-11 13:56:48"
378a75,98f137,1,1,1,"2020-02-12 23:33:51"
378a75,98f137,2,1,2,"2020-02-12 23:34:09"
378a75,98f137,8,1,3,"2020-02-12 23:34:55"
378a75,98f137,9,1,4,"2020-02-12 23:35:03"
a67606,3c59dc,1,1,1,"2020-02-14 21:10:09"
a67606,3c59dc,4,1,2,"2020-02-14 21:10:26"
a67606,3c59dc,8,1,3,"2020-02-14 21:11:20"
a67606,3c59dc,9,1,4,"2020-02-14 21:12:18"
a67606,3c59dc,9,2,5,"2020-02-14 21:13:02"
a67606,3c59dc,12,1,6,"2020-02-14 21:13:29"
a67606,3c59dc,13,3,7,"2020-02-14 21:14:06"
71740f,b6d767,1,1,1,"2020-02-08 21:30:49"
71740f,b6d767,2,1,2,"2020-02-08 21:31:07"
71740f,b6d767,4,1,3,"2020-02-08 21:32:06"
71740f,b6d767,4,2,4,"2020-02-08 21:32:44"
71740f,b6d767,5,1,5,"2020-02-08 21:33:02"
71740f,b6d767,6,1,6,"2020-02-08 21:33:53"
71740f,b6d767,7,1,7,"2020-02-08 21:34:03"
71740f,b6d767,7,2,8,"2020-02-08 21:34:04"
71740f,b6d767,8,1,9,"2020-02-08 21:34:24"
71740f,b6d767,8,2,10,"2020-02-08 21:35:02"
71740f,b6d767,9,1,11,"2020-02-08 21:35:14"
71740f,b6d767,9,2,12,"2020-02-08 21:35:50"
71740f,b6d767,10,1,13,"2020-02-08 21:35:56"
71740f,b6d767,10,2,14,"2020-02-08 21:36:09"
71740f,b6d767,11,1,15,"2020-02-08 21:36:29"
71740f,b6d767,11,2,16,"2020-02-08 21:36:44"
71740f,b6d767,12,1,17,"2020-02-08 21:37:38"
71740f,b6d767,13,3,18,"2020-02-08 21:38:14"
d7fa36,37693c,1,1,1,"2020-01-16 22:30:02"
d7fa36,37693c,2,1,2,"2020-01-16 22:30:53"
d7fa36,37693c,4,1,3,"2020-01-16 22:31:12"
d7fa36,37693c,5,1,4,"2020-01-16 22:31:24"
d7fa36,37693c,9,1,5,"2020-01-16 22:31:34"
2a5092,1ff1de,1,1,1,"2020-01-23 20:05:47"
2a5092,1ff1de,3,1,2,"2020-01-23 20:06:45"
2a5092,1ff1de,4,1,3,"2020-01-23 20:07:10"
2a5092,1ff1de,4,2,4,"2020-01-23 20:07:28"
2a5092,1ff1de,9,1,5,"2020-01-23 20:07:51"
2a5092,1ff1de,9,2,6,"2020-01-23 20:08:45"
2a5092,1ff1de,10,1,7,"2020-01-23 20:08:58"
2a5092,1ff1de,10,2,8,"2020-01-23 20:09:48"
2a5092,1ff1de,11,1,9,"2020-01-23 20:10:41"
2a5092,1ff1de,12,1,10,"2020-01-23 20:11:39"
2a5092,1ff1de,13,3,11,"2020-01-23 20:11:44"
ce1b65,8e296a,1,1,1,"2020-01-08 18:34:24"
ce1b65,8e296a,2,1,2,"2020-01-08 18:35:23"
ce1b65,8e296a,4,1,3,"2020-01-08 18:36:13"
ce1b65,8e296a,4,2,4,"2020-01-08 18:36:45"
ce1b65,8e296a,5,1,5,"2020-01-08 18:36:52"
ce1b65,8e296a,7,1,6,"2020-01-08 18:36:53"
ce1b65,8e296a,7,2,7,"2020-01-08 18:37:32"
ce1b65,8e296a,8,1,8,"2020-01-08 18:38:12"
ce1b65,8e296a,9,1,9,"2020-01-08 18:38:13"
ce1b65,8e296a,9,2,10,"2020-01-08 18:38:58"
ce1b65,8e296a,11,1,11,"2020-01-08 18:39:53"
ce1b65,8e296a,12,1,12,"2020-01-08 18:40:09"
ce1b65,8e296a,13,3,13,"2020-01-08 18:40:32"
8bfa80,4e732c,1,1,1,"2020-01-26 20:57:17"
8bfa80,4e732c,2,1,2,"2020-01-26 20:57:31"
8bfa80,4e732c,3,1,3,"2020-01-26 20:57:33"
8bfa80,4e732c,3,2,4,"2020-01-26 20:57:52"
8bfa80,4e732c,6,1,5,"2020-01-26 20:58:13"
8bfa80,4e732c,8,1,6,"2020-01-26 20:58:27"
8bfa80,4e732c,8,2,7,"2020-01-26 20:58:46"
8bfa80,4e732c,10,1,8,"2020-01-26 20:59:06"
37c63a,02e74f,1,1,1,"2020-01-31 11:10:23"
37c63a,02e74f,3,1,2,"2020-01-31 11:11:04"
37c63a,02e74f,3,2,3,"2020-01-31 11:11:55"
37c63a,02e74f,6,1,4,"2020-01-31 11:12:45"
37c63a,02e74f,9,1,5,"2020-01-31 11:12:54"
37c63a,02e74f,9,2,6,"2020-01-31 11:13:02"
37c63a,02e74f,10,1,7,"2020-01-31 11:13:04"
37c63a,02e74f,11,1,8,"2020-01-31 11:13:10"
37c63a,02e74f,11,2,9,"2020-01-31 11:13:13"
37c63a,02e74f,12,1,10,"2020-01-31 11:13:17"
37c63a,02e74f,13,3,11,"2020-01-31 11:13:31"
32a3fc,33e75f,1,1,1,"2020-02-29 02:02:49"
32a3fc,33e75f,2,1,2,"2020-02-29 02:03:20"
32a3fc,33e75f,3,1,3,"2020-02-29 02:04:01"
32a3fc,33e75f,4,1,4,"2020-02-29 02:04:50"
32a3fc,33e75f,5,1,5,"2020-02-29 02:05:09"
32a3fc,33e75f,5,2,6,"2020-02-29 02:05:21"
32a3fc,33e75f,7,1,7,"2020-02-29 02:06:03"
32a3fc,33e75f,7,2,8,"2020-02-29 02:06:11"
32a3fc,33e75f,8,1,9,"2020-02-29 02:06:24"
32a3fc,33e75f,10,1,10,"2020-02-29 02:06:50"
32a3fc,33e75f,12,1,11,"2020-02-29 02:07:33"
32a3fc,33e75f,13,3,12,"2020-02-29 02:07:53"
0813d2,6ea9ab,1,1,1,"2020-01-10 12:01:40"
0813d2,6ea9ab,2,1,2,"2020-01-10 12:02:35"
0813d2,6ea9ab,3,1,3,"2020-01-10 12:03:00"
0813d2,6ea9ab,3,2,4,"2020-01-10 12:03:24"
0813d2,6ea9ab,4,1,5,"2020-01-10 12:03:32"
0813d2,6ea9ab,4,2,6,"2020-01-10 12:04:19"
0813d2,6ea9ab,6,1,7,"2020-01-10 12:05:06"
0813d2,6ea9ab,6,2,8,"2020-01-10 12:05:36"
0813d2,6ea9ab,8,1,9,"2020-01-10 12:05:51"
0813d2,6ea9ab,9,1,10,"2020-01-10 12:06:13"
0813d2,6ea9ab,12,1,11,"2020-01-10 12:06:37"
0813d2,6ea9ab,13,3,12,"2020-01-10 12:07:27"
cd512e,34173c,1,1,1,"2020-02-02 01:54:15"
cd512e,34173c,3,1,2,"2020-02-02 01:54:33"
cd512e,34173c,3,2,3,"2020-02-02 01:55:26"
cd512e,34173c,6,1,4,"2020-02-02 01:56:16"
cd512e,34173c,7,1,5,"2020-02-02 01:56:52"
cd512e,34173c,7,2,6,"2020-02-02 01:57:17"
cd512e,34173c,12,1,7,"2020-02-02 01:57:42"
cd512e,34173c,13,3,8,"2020-02-02 01:58:03"
d193fc,c16a53,1,1,1,"2020-02-13 18:54:54"
d193fc,c16a53,4,1,2,"2020-02-13 18:55:16"
d193fc,c16a53,5,1,3,"2020-02-13 18:55:25"
d193fc,c16a53,5,2,4,"2020-02-13 18:56:12"
d193fc,c16a53,6,1,5,"2020-02-13 18:56:12"
d193fc,c16a53,8,1,6,"2020-02-13 18:56:42"
d193fc,c16a53,8,2,7,"2020-02-13 18:57:19"
d193fc,c16a53,10,1,8,"2020-02-13 18:57:46"
d193fc,c16a53,11,1,9,"2020-02-13 18:58:25"
4c98cd,6364d3,1,1,1,"2020-02-17 22:10:31"
4c98cd,6364d3,4,1,2,"2020-02-17 22:10:48"
4c98cd,6364d3,4,2,3,"2020-02-17 22:11:47"
4c98cd,6364d3,7,1,4,"2020-02-17 22:11:49"
4c98cd,6364d3,11,1,5,"2020-02-17 22:12:01"
4c98cd,6364d3,11,2,6,"2020-02-17 22:12:49"
4c98cd,6364d3,12,1,7,"2020-02-17 22:13:01"
4c98cd,6364d3,13,3,8,"2020-02-17 22:13:18"
8d7256,182be0,1,1,1,"2020-02-03 13:00:49"
8d7256,182be0,2,1,2,"2020-02-03 13:01:17"
8d7256,182be0,3,1,3,"2020-02-03 13:02:12"
8d7256,182be0,3,2,4,"2020-02-03 13:02:14"
8d7256,182be0,8,1,5,"2020-02-03 13:02:39"
8d7256,182be0,8,2,6,"2020-02-03 13:03:06"
8d7256,182be0,11,1,7,"2020-02-03 13:03:52"
97cca6,e36985,1,1,1,"2020-02-24 07:27:20"
97cca6,e36985,2,1,2,"2020-02-24 07:27:52"
97cca6,e36985,4,1,3,"2020-02-24 07:28:23"
97cca6,e36985,5,1,4,"2020-02-24 07:28:50"
97cca6,e36985,5,2,5,"2020-02-24 07:29:39"
97cca6,e36985,7,1,6,"2020-02-24 07:30:04"
97cca6,e36985,8,1,7,"2020-02-24 07:30:52"
97cca6,e36985,8,2,8,"2020-02-24 07:31:15"
97cca6,e36985,9,1,9,"2020-02-24 07:32:13"
97cca6,e36985,9,2,10,"2020-02-24 07:32:21"
97cca6,e36985,10,1,11,"2020-02-24 07:32:37"
97cca6,e36985,10,2,12,"2020-02-24 07:32:43"
97cca6,e36985,12,1,13,"2020-02-24 07:33:11"
97cca6,e36985,13,3,14,"2020-02-24 07:33:55"
6baa37,1c383c,1,1,1,"2020-01-22 01:09:59"
6baa37,1c383c,2,1,2,"2020-01-22 01:10:21"
6baa37,1c383c,3,1,3,"2020-01-22 01:10:32"
6baa37,1c383c,3,2,4,"2020-01-22 01:11:07"
6baa37,1c383c,4,1,5,"2020-01-22 01:12:00"
6baa37,1c383c,9,1,6,"2020-01-22 01:12:27"
6baa37,1c383c,9,2,7,"2020-01-22 01:12:32"
6baa37,1c383c,10,1,8,"2020-01-22 01:12:45"
6baa37,1c383c,10,2,9,"2020-01-22 01:13:30"
6baa37,1c383c,12,1,10,"2020-01-22 01:14:25"
6baa37,1c383c,13,3,11,"2020-01-22 01:14:58"
64fca2,19ca14,1,1,1,"2020-02-14 18:08:55"
64fca2,19ca14,2,1,2,"2020-02-14 18:08:56"
64fca2,19ca14,7,1,3,"2020-02-14 18:09:41"
64fca2,19ca14,8,1,4,"2020-02-14 18:10:28"
64fca2,19ca14,8,2,5,"2020-02-14 18:11:07"
64fca2,19ca14,10,1,6,"2020-02-14 18:11:50"
64fca2,19ca14,12,1,7,"2020-02-14 18:12:38"
64fca2,19ca14,13,3,8,"2020-02-14 18:13:02"
d214e6,a5bfc9,1,1,1,"2020-02-03 01:15:00"
d214e6,a5bfc9,2,1,2,"2020-02-03 01:15:30"
d214e6,a5bfc9,4,1,3,"2020-02-03 01:15:51"
d214e6,a5bfc9,4,2,4,"2020-02-03 01:15:53"
d214e6,a5bfc9,6,1,5,"2020-02-03 01:16:43"
d214e6,a5bfc9,6,2,6,"2020-02-03 01:17:43"
d214e6,a5bfc9,11,1,7,"2020-02-03 01:18:10"
d214e6,a5bfc9,12,1,8,"2020-02-03 01:18:31"
d214e6,a5bfc9,13,3,9,"2020-02-03 01:19:04"
97cf44,a5771b,1,1,1,"2020-01-28 22:16:01"
97cf44,a5771b,2,1,2,"2020-01-28 22:16:39"
97cf44,a5771b,3,1,3,"2020-01-28 22:17:10"
97cf44,a5771b,3,2,4,"2020-01-28 22:17:56"
97cf44,a5771b,5,1,5,"2020-01-28 22:18:00"
97cf44,a5771b,7,1,6,"2020-01-28 22:18:10"
97cf44,a5771b,7,2,7,"2020-01-28 22:18:48"
97cf44,a5771b,8,1,8,"2020-01-28 22:19:32"
97cf44,a5771b,8,2,9,"2020-01-28 22:19:33"
97cf44,a5771b,9,1,10,"2020-01-28 22:19:34"
97cf44,a5771b,9,2,11,"2020-01-28 22:20:30"
97cf44,a5771b,11,1,12,"2020-01-28 22:21:30"
97cf44,a5771b,12,1,13,"2020-01-28 22:21:42"
97cf44,a5771b,13,3,14,"2020-01-28 22:22:07"
f0e648,d67d8a,1,1,1,"2020-01-13 00:46:21"
f0e648,d67d8a,2,1,2,"2020-01-13 00:46:45"
f0e648,d67d8a,8,1,3,"2020-01-13 00:47:00"
f0e648,d67d8a,8,2,4,"2020-01-13 00:47:51"
f0e648,d67d8a,11,1,5,"2020-01-13 00:48:48"
f0e648,d67d8a,12,1,6,"2020-01-13 00:49:42"
f0e648,d67d8a,13,3,7,"2020-01-13 00:50:35"
8bfb23,d64592,1,1,1,"2020-02-07 22:03:57"
8bfb23,d64592,2,1,2,"2020-02-07 22:04:21"
8bfb23,d64592,3,1,3,"2020-02-07 22:04:30"
8bfb23,d64592,3,2,4,"2020-02-07 22:05:22"
8bfb23,d64592,4,1,5,"2020-02-07 22:06:22"
8bfb23,d64592,6,1,6,"2020-02-07 22:07:00"
8bfb23,d64592,6,2,7,"2020-02-07 22:07:08"
8bfb23,d64592,7,1,8,"2020-02-07 22:08:00"
8bfb23,d64592,8,1,9,"2020-02-07 22:08:24"
8bfb23,d64592,8,2,10,"2020-02-07 22:08:28"
8bfb23,d64592,9,1,11,"2020-02-07 22:09:11"
8bfb23,d64592,9,2,12,"2020-02-07 22:09:56"
8bfb23,d64592,10,1,13,"2020-02-07 22:10:09"
8bfb23,d64592,10,2,14,"2020-02-07 22:10:34"
8bfb23,d64592,12,1,15,"2020-02-07 22:10:36"
8bfb23,d64592,13,3,16,"2020-02-07 22:10:41"
aa6d31,3416a7,1,1,1,"2020-01-09 21:59:51"
aa6d31,3416a7,2,1,2,"2020-01-09 22:00:00"
aa6d31,3416a7,3,1,3,"2020-01-09 22:00:39"
aa6d31,3416a7,4,1,4,"2020-01-09 22:00:46"
aa6d31,3416a7,4,2,5,"2020-01-09 22:01:16"
aa6d31,3416a7,6,1,6,"2020-01-09 22:01:29"
aa6d31,3416a7,6,2,7,"2020-01-09 22:01:32"
aa6d31,3416a7,9,1,8,"2020-01-09 22:01:56"
aa6d31,3416a7,10,1,9,"2020-01-09 22:02:31"
d54641,a1d0c6,1,1,1,"2020-02-29 01:09:32"
d54641,a1d0c6,3,1,2,"2020-02-29 01:09:51"
d54641,a1d0c6,5,1,3,"2020-02-29 01:10:49"
d54641,a1d0c6,5,2,4,"2020-02-29 01:11:26"
d54641,a1d0c6,6,1,5,"2020-02-29 01:12:21"
d54641,a1d0c6,8,1,6,"2020-02-29 01:13:14"
d54641,a1d0c6,11,1,7,"2020-02-29 01:13:28"
d54641,a1d0c6,12,1,8,"2020-02-29 01:13:36"
d54641,a1d0c6,13,3,9,"2020-02-29 01:14:18"
f60bb1,17e621,1,1,1,"2020-02-22 07:52:30"
f60bb1,17e621,2,1,2,"2020-02-22 07:52:54"
f60bb1,17e621,8,1,3,"2020-02-22 07:53:10"
f60bb1,17e621,8,2,4,"2020-02-22 07:53:42"
f60bb1,17e621,10,1,5,"2020-02-22 07:54:32"
f60bb1,17e621,11,1,6,"2020-02-22 07:55:12"
f60bb1,17e621,12,1,7,"2020-02-22 07:55:55"
f60bb1,17e621,13,3,8,"2020-02-22 07:56:31"
cfbc1c,f71771,1,1,1,"2020-01-08 04:52:57"
cfbc1c,f71771,2,1,2,"2020-01-08 04:53:21"
cfbc1c,f71771,6,1,3,"2020-01-08 04:54:06"
cfbc1c,f71771,9,1,4,"2020-01-08 04:54:07"
cfbc1c,f71771,11,1,5,"2020-01-08 04:54:09"
cfbc1c,f71771,11,2,6,"2020-01-08 04:54:36"
cfbc1c,f71771,12,1,7,"2020-01-08 04:55:34"
cfbc1c,f71771,13,3,8,"2020-01-08 04:56:12"
cf849f,6c8349,1,1,1,"2020-02-09 11:31:50"
cf849f,6c8349,2,1,2,"2020-02-09 11:32:45"
cf849f,6c8349,3,1,3,"2020-02-09 11:33:43"
cf849f,6c8349,3,2,4,"2020-02-09 11:34:41"
cf849f,6c8349,4,1,5,"2020-02-09 11:34:56"
cf849f,6c8349,4,2,6,"2020-02-09 11:35:22"
cf849f,6c8349,6,1,7,"2020-02-09 11:35:22"
cf849f,6c8349,9,1,8,"2020-02-09 11:36:21"
cf849f,6c8349,11,1,9,"2020-02-09 11:36:28"
d400f3,d9d4f4,1,1,1,"2020-01-25 09:43:32"
d400f3,d9d4f4,2,1,2,"2020-01-25 09:44:06"
d400f3,d9d4f4,5,1,3,"2020-01-25 09:44:30"
d400f3,d9d4f4,5,2,4,"2020-01-25 09:45:24"
d400f3,d9d4f4,6,1,5,"2020-01-25 09:45:31"
d400f3,d9d4f4,6,2,6,"2020-01-25 09:46:18"
d400f3,d9d4f4,10,1,7,"2020-01-25 09:46:29"
d400f3,d9d4f4,12,1,8,"2020-01-25 09:46:38"
d400f3,d9d4f4,13,3,9,"2020-01-25 09:47:34"
a59fa0,67c6a1,1,1,1,"2020-02-20 21:55:32"
a59fa0,67c6a1,2,1,2,"2020-02-20 21:55:42"
a59fa0,67c6a1,3,1,3,"2020-02-20 21:56:27"
a59fa0,67c6a1,3,2,4,"2020-02-20 21:57:21"
a59fa0,67c6a1,9,1,5,"2020-02-20 21:57:35"
a59fa0,67c6a1,12,1,6,"2020-02-20 21:57:41"
3e7fc5,642e92,1,1,1,"2020-02-21 09:14:26"
3e7fc5,642e92,2,1,2,"2020-02-21 09:14:49"
3e7fc5,642e92,3,1,3,"2020-02-21 09:15:16"
3e7fc5,642e92,3,2,4,"2020-02-21 09:16:03"
3e7fc5,642e92,4,1,5,"2020-02-21 09:16:33"
3e7fc5,642e92,6,1,6,"2020-02-21 09:17:15"
3e7fc5,642e92,7,1,7,"2020-02-21 09:17:47"
3e7fc5,642e92,8,1,8,"2020-02-21 09:17:55"
3e7fc5,642e92,8,2,9,"2020-02-21 09:18:22"
3e7fc5,642e92,9,1,10,"2020-02-21 09:18:52"
7da3f2,f457c5,1,1,1,"2020-01-07 15:38:31"
7da3f2,f457c5,2,1,2,"2020-01-07 15:39:06"
7da3f2,f457c5,3,1,3,"2020-01-07 15:39:53"
7da3f2,f457c5,3,2,4,"2020-01-07 15:40:22"
7da3f2,f457c5,4,1,5,"2020-01-07 15:40:23"
7da3f2,f457c5,4,2,6,"2020-01-07 15:41:04"
7da3f2,f457c5,7,1,7,"2020-01-07 15:41:22"
7da3f2,f457c5,10,1,8,"2020-01-07 15:41:33"
7da3f2,f457c5,10,2,9,"2020-01-07 15:41:54"
7da3f2,f457c5,12,1,10,"2020-01-07 15:42:26"
d337c9,c0c7c7,1,1,1,"2020-02-13 12:26:35"
d337c9,c0c7c7,2,1,2,"2020-02-13 12:26:55"
d337c9,c0c7c7,6,1,3,"2020-02-13 12:27:51"
d337c9,c0c7c7,7,1,4,"2020-02-13 12:28:46"
d337c9,c0c7c7,9,1,5,"2020-02-13 12:29:40"
d337c9,c0c7c7,10,1,6,"2020-02-13 12:30:38"
d337c9,c0c7c7,10,2,7,"2020-02-13 12:31:06"
d337c9,c0c7c7,11,1,8,"2020-02-13 12:31:10"
d337c9,c0c7c7,12,1,9,"2020-02-13 12:31:32"
d337c9,c0c7c7,13,3,10,"2020-02-13 12:32:28"
fcc0cb,283802,1,1,1,"2020-01-04 01:36:34"
fcc0cb,283802,2,1,2,"2020-01-04 01:37:21"
fcc0cb,283802,4,1,3,"2020-01-04 01:37:52"
fcc0cb,283802,5,1,4,"2020-01-04 01:38:34"
fcc0cb,283802,5,2,5,"2020-01-04 01:39:04"
fcc0cb,283802,8,1,6,"2020-01-04 01:39:28"
fcc0cb,283802,8,2,7,"2020-01-04 01:39:39"
fcc0cb,283802,9,1,8,"2020-01-04 01:40:24"
fcc0cb,283802,10,1,9,"2020-01-04 01:40:54"
fcc0cb,283802,10,2,10,"2020-01-04 01:41:46"
fcc0cb,283802,11,1,11,"2020-01-04 01:42:05"
fcc0cb,283802,11,2,12,"2020-01-04 01:42:40"
fcc0cb,283802,12,1,13,"2020-01-04 01:42:42"
fcc0cb,283802,13,3,14,"2020-01-04 01:42:50"
85fdaf,9a1158,1,1,1,"2020-02-19 23:49:26"
85fdaf,9a1158,4,1,2,"2020-02-19 23:49:54"
85fdaf,9a1158,5,1,3,"2020-02-19 23:50:50"
85fdaf,9a1158,5,2,4,"2020-02-19 23:51:32"
85fdaf,9a1158,6,1,5,"2020-02-19 23:52:02"
85fdaf,9a1158,10,1,6,"2020-02-19 23:52:28"
85fdaf,9a1158,10,2,7,"2020-02-19 23:53:19"
9f4c50,d82c8d,1,1,1,"2020-02-06 19:18:46"
9f4c50,d82c8d,2,1,2,"2020-02-06 19:19:30"
9f4c50,d82c8d,3,1,3,"2020-02-06 19:20:04"
9f4c50,d82c8d,4,1,4,"2020-02-06 19:20:43"
9f4c50,d82c8d,4,2,5,"2020-02-06 19:21:21"
9f4c50,d82c8d,5,1,6,"2020-02-06 19:21:26"
9f4c50,d82c8d,7,1,7,"2020-02-06 19:22:09"
9f4c50,d82c8d,7,2,8,"2020-02-06 19:22:24"
9f4c50,d82c8d,8,1,9,"2020-02-06 19:22:42"
9f4c50,d82c8d,8,2,10,"2020-02-06 19:23:08"
9f4c50,d82c8d,9,1,11,"2020-02-06 19:23:08"
9f4c50,d82c8d,11,1,12,"2020-02-06 19:23:09"
9f4c50,d82c8d,11,2,13,"2020-02-06 19:23:46"
